<?xml version="1.0" encoding="UTF-8"?>
<jcr:root xmlns:sling="http://sling.apache.org/jcr/sling/1.0" xmlns:cq="http://www.day.com/jcr/cq/1.0" xmlns:jcr="http://www.jcp.org/jcr/1.0" xmlns:nt="http://www.jcp.org/jcr/nt/1.0"
          jcr:primaryType="nt:unstructured"
          jcr:title="Header Component"
          sling:resourceType="cq/gui/components/authoring/dialog">
    <content
            jcr:primaryType="nt:unstructured"
            sling:resourceType="granite/ui/components/coral/foundation/container">
        <items jcr:primaryType="nt:unstructured">
            <tabs
                jcr:primaryType="nt:unstructured"
                maximized="{Boolean}true"
                sling:resourceType="granite/ui/components/coral/foundation/tabs">
                <items jcr:primaryType="nt:unstructured">
                    <tab1 jcr:primaryType="nt:unstructured"
                         jcr:title="Logo Element"
                         margin="{Boolean}true"
                         sling:resourceType="granite/ui/components/coral/foundation/container">
                        <items jcr:primaryType="nt:unstructured">
                            <columns jcr:primaryType="nt:unstructured"
                                 margin="{Boolean}true"
                                 sling:resourceType="granite/ui/components/coral/foundation/fixedcolumns">
                                <items jcr:primaryType="nt:unstructured">
                                    <column
                                        jcr:primaryType="nt:unstructured"
                                        sling:resourceType="granite/ui/components/coral/foundation/container">
                                        <items jcr:primaryType="nt:unstructured">
                                            <logoText
                                                jcr:primaryType="nt:unstructured"
                                                sling:resourceType="granite/ui/components/coral/foundation/form/textfield"
                                                fieldLabel="Logo Text"
                                                name="./logoText"/>
                                        </items>
                                    </column>
                                </items>
                            </columns>
                        </items>
                    </tab1>
                    <tab2
                            jcr:primaryType="nt:unstructured"
                            jcr:title="Navigation"
                            margin="{Boolean}true"
                            sling:resourceType="granite/ui/components/coral/foundation/container">
                        <items jcr:primaryType="nt:unstructured">
                            <columns
                                    jcr:primaryType="nt:unstructured"
                                    margin="{Boolean}true"
                                    sling:resourceType="granite/ui/components/coral/foundation/fixedcolumns">

                                <items jcr:primaryType="nt:unstructured">
                                    <column
                                            jcr:primaryType="nt:unstructured"
                                            sling:resourceType="granite/ui/components/coral/foundation/container">
                                        <items jcr:primaryType="nt:unstructured">

                                            <navigation
                                                    jcr:primaryType="nt:unstructured"
                                                    sling:resourceType="granite/ui/components/coral/foundation/form/multifield"
                                                    composite="{Boolean}true"
                                                    fieldLabel="Navigation Item">
                                                <field
                                                        jcr:primaryType="nt:unstructured"
                                                        sling:resourceType="granite/ui/components/coral/foundation/container"
                                                        name="./navigation">
                                                    <items jcr:primaryType="nt:unstructured">
                                                        <column
                                                                jcr:primaryType="nt:unstructured"
                                                                sling:resourceType="granite/ui/components/coral/foundation/container">
                                                            <items jcr:primaryType="nt:unstructured">
                                                                <navigationText
                                                                        jcr:primaryType="nt:unstructured"
                                                                        sling:resourceType="granite/ui/components/coral/foundation/form/textfield"
                                                                        fieldLabel="Navigation Text"
                                                                        name="./navigationText"/>
                                                                <navigationlink
                                                                        jcr:primaryType="nt:unstructured"
                                                                        sling:resourceType="granite/ui/components/coral/foundation/form/pathfield"
                                                                        fieldLabel="Navigation Link"
                                                                        name="./navigationLink"/>
                                                            </items>
                                                        </column>
                                                    </items>
                                                </field>
                                            </navigation>
                                        </items>
                                    </column>
                                </items>
                            </columns>
                        </items>
                    </tab2>
                </items>
            </tabs>

        </items>
    </content>
</jcr:root>

